user_id,product_id,fit_preferences,weight,height,size_1,percentage_1,size_2,percentage_21,7,perfect,108,187,XXL,81%,XL,56%
2,8,perfect,73,174,M,90%,L,41%
3,5,tighter,95,188,L,76%,XL,58%
4,1,perfect,99,182,XL,93%,L,44%
5,4,perfect,92,177,XL,68%,L,63%
6,9,perfect,68,170,M,89%,S,50%
7,3,perfect,82,174,L,86%,M,55%
8,3,tighter,75,173,M,91%,S,48%
9,7,tighter,79,170,M,96%,S,41%
10,2,looser,70,161,M,95%,L,43%
11,8,perfect,83,180,L,92%,M,39%
12,5,perfect,96,181,XL,87%,L,46%
13,7,tighter,75,164,M,76%,S,62%
14,0,perfect,85,175,L,94%,M,41%
15,1,tighter,83,175,M,87%,L,51%
16,7,perfect,77,171,M,85%,L,53%
17,9,tighter,88,183,L,89%,M,51%
18,7,perfect,77,162,M,95%,L,42%
19,8,looser,83,176,L,68%,XL,62%
20,0,perfect,82,172,L,81%,M,54%
21,9,looser,78,172,L,93%,M,40%
22,5,looser,88,176,XL,84%,L,49%
23,9,looser,67,168,M,96%,L,43%
24,6,perfect,102,191,XL,94%,L,38%
25,4,tighter,72,172,M,77%,S,53%
26,1,tighter,86,173,M,79%,L,59%
27,5,perfect,82,175,L,86%,M,47%
28,1,perfect,93,184,XL,84%,L,55%
29,8,tighter,78,171,M,92%,S,39%
30,7,perfect,69,173,M,94%,S,43%
32,0,perfect,95,188,XL,96%,L,39%
33,6,tighter,87,181,L,82%,M,58%
34,1,perfect,92,175,L,71%,XL,67%
35,5,looser,91,176,XL,91%,L,42%
36,7,tighter,86,178,L,70%,M,68%
37,0,tighter,88,175,L,72%,M,63%
38,8,tighter,82,170,M,92%,L,39%
39,8,tighter,73,167,M,69%,S,61%
40,0,perfect,73,163,M,94%,S,41%
41,5,tighter,77,172,M,94%,S,40%
42,9,perfect,87,183,L,80%,XL,60%
43,1,perfect,75,165,M,96%,L,41%
44,7,tighter,72,167,S,70%,M,68%
45,0,perfect,74,171,M,93%,L,42%
46,4,looser,85,178,XL,75%,L,55%
47,6,perfect,84,173,L,91%,M,48%
48,6,perfect,94,183,XL,86%,L,54%
49,1,tighter,86,175,M,75%,L,63%
50,5,perfect,95,185,XL,88%,L,45%
51,3,looser,74,164,M,78%,L,63%
52,0,perfect,90,178,L,74%,XL,61%
53,1,tighter,78,173,M,96%,S,41%
54,8,looser,81,171,L,87%,XL,43%
55,0,looser,76,170,L,84%,M,50%
57,4,looser,85,173,XL,67%,L,63%
58,0,looser,86,179,XL,87%,L,47%
59,6,tighter,89,180,L,88%,M,52%
60,9,tighter,94,177,L,95%,XL,44%
61,2,perfect,89,181,L,74%,XL,66%
62,0,tighter,89,176,L,79%,M,55%
63,7,looser,87,187,XL,92%,L,45%
64,0,tighter,74,170,M,83%,S,52%
65,1,looser,80,181,L,79%,XL,59%
66,9,looser,69,165,M,94%,L,40%
67,9,looser,83,173,L,79%,XL,61%
68,8,perfect,99,184,XL,92%,XXL,39%
70,6,looser,88,174,XL,83%,L,57%
71,7,perfect,83,175,L,90%,M,47%
72,3,perfect,93,179,XL,82%,L,59%
73,8,perfect,79,176,L,71%,M,59%
74,7,tighter,73,171,M,82%,S,56%
75,5,perfect,97,184,XL,91%,L,42%
76,2,perfect,92,180,XL,77%,L,64%
77,1,perfect,90,182,XL,71%,L,67%
78,6,perfect,99,183,XL,94%,L,44%
79,1,tighter,88,168,M,81%,L,58%
80,9,tighter,75,167,M,83%,S,57%
81,8,tighter,81,171,M,93%,L,38%
82,9,looser,89,173,XL,91%,L,49%
83,3,tighter,107,187,XL,96%,XXL,43%
84,9,looser,77,177,L,95%,XL,44%
85,7,tighter,72,167,S,70%,M,68%
86,8,tighter,84,180,M,69%,L,61%
87,0,looser,93,169,XL,95%,L,39%
88,4,perfect,87,175,L,91%,XL,40%
89,9,perfect,78,173,M,76%,L,64%
90,8,tighter,88,183,L,85%,M,45%
91,8,perfect,90,182,XL,68%,L,62%
92,5,looser,81,165,L,94%,M,39%
93,4,perfect,81,179,L,88%,M,42%
94,5,looser,79,164,L,88%,M,46%
95,8,perfect,74,170,M,92%,L,39%
96,9,tighter,74,165,M,74%,S,66%
97,6,tighter,86,182,L,80%,M,60%
98,2,looser,81,169,L,93%,XL,46%
99,1,perfect,77,168,M,89%,L,48%
100,4,tighter,79,176,M,94%,L,37%
101,4,perfect,90,177,L,74%,XL,56%
102,1,looser,75,169,L,78%,M,60%
103,3,tighter,69,168,S,78%,M,62%
104,4,perfect,80,173,L,71%,M,59%
105,4,perfect,82,177,L,89%,M,42%
106,8,tighter,80,174,M,92%,L,39%
107,0,perfect,71,171,M,96%,S,39%
108,7,tighter,74,168,M,80%,S,58%
109,2,looser,77,175,L,95%,M,44%
110,8,tighter,78,171,M,92%,S,39%
111,8,tighter,84,176,M,78%,L,52%
112,8,perfect,90,173,L,81%,XL,49%
113,8,perfect,92,181,XL,76%,L,53%
114,9,looser,80,175,L,89%,XL,50%
115,5,perfect,73,170,M,95%,L,38%
116,4,tighter,100,187,XL,76%,L,54%
117,8,looser,91,176,XL,95%,L,37%
118,8,looser,85,173,XL,67%,L,63%
119,9,perfect,80,172,L,72%,M,68%
120,0,perfect,100,182,XL,93%,XXL,41%
121,7,tighter,75,161,M,69%,S,67%
122,8,perfect,81,174,L,77%,M,53%
123,3,looser,73,170,M,71%,L,69%
124,0,tighter,67,159,S,90%,M,44%
125,7,tighter,86,183,L,82%,M,57%
126,3,tighter,90,180,L,90%,M,49%
127,3,perfect,80,171,M,70%,L,68%
128,5,looser,88,179,XL,87%,L,46%
129,0,looser,84,176,XL,70%,L,64%
130,4,tighter,77,168,M,90%,S,41%
131,6,tighter,86,171,M,84%,L,56%
132,7,perfect,74,167,M,96%,L,41%
133,6,perfect,83,181,L,95%,XL,43%
134,2,looser,80,173,L,92%,XL,48%
136,6,perfect,94,180,XL,82%,L,58%
137,0,looser,78,173,L,94%,M,41%
138,4,perfect,80,173,L,71%,M,59%
139,2,tighter,75,172,M,91%,S,49%
141,2,looser,76,174,L,92%,M,48%
142,4,perfect,78,168,M,83%,L,47%
143,8,perfect,81,168,M,66%,L,63%
144,0,tighter,82,171,M,93%,L,41%
145,6,looser,92,176,XL,93%,L,45%
146,5,perfect,82,179,L,91%,M,42%
147,8,tighter,90,181,L,88%,M,42%
148,8,perfect,97,180,XL,92%,L,39%
149,7,tighter,71,168,S,72%,M,67%
150,9,perfect,94,184,XL,92%,L,47%
151,4,looser,80,171,L,92%,XL,39%
152,2,perfect,66,165,M,72%,S,69%
153,6,looser,88,179,XL,88%,L,51%
154,8,tighter,76,177,M,94%,S,38%
155,1,looser,76,164,L,73%,M,65%
156,0,looser,89,176,XL,93%,L,42%
157,1,tighter,80,174,M,95%,L,42%
158,0,tighter,66,157,S,93%,M,41%
159,5,tighter,79,174,M,96%,L,38%
160,2,perfect,83,165,L,74%,M,67%
161,3,looser,79,163,L,87%,M,53%
162,1,perfect,76,174,M,84%,L,54%
163,8,looser,89,184,XL,94%,XXL,38%
164,2,perfect,91,170,L,86%,XL,54%
165,2,tighter,86,170,M,85%,L,56%
166,9,looser,80,165,L,92%,M,47%
167,8,tighter,73,168,M,71%,S,59%
168,7,tighter,71,171,M,72%,S,66%
169,1,looser,77,166,L,83%,M,55%
170,8,looser,90,177,XL,94%,L,38%
171,6,looser,76,173,L,90%,M,49%
172,7,tighter,92,183,L,94%,XL,43%
173,4,tighter,76,173,M,93%,S,39%
174,9,perfect,90,182,XL,73%,L,67%
175,7,perfect,80,167,M,78%,L,60%
177,6,tighter,79,171,M,93%,S,44%
178,6,looser,86,173,XL,75%,L,65%
179,0,looser,73,164,M,82%,L,53%
180,0,perfect,82,171,L,78%,M,56%
181,7,looser,81,173,L,88%,XL,49%
182,9,perfect,94,176,XL,81%,L,59%
183,2,perfect,74,168,M,96%,L,43%
184,8,perfect,88,169,L,92%,XL,39%
185,2,perfect,90,182,XL,73%,L,68%
186,3,perfect,76,173,M,86%,L,55%
187,6,looser,90,177,XL,91%,L,48%
189,5,tighter,80,167,M,95%,S,39%
190,0,tighter,70,170,S,70%,M,65%
191,6,perfect,105,194,XL,81%,L,31%
192,7,perfect,103,184,XL,81%,XXL,56%
193,7,tighter,91,177,L,89%,M,48%
194,9,looser,98,184,XXL,78%,XL,62%
195,8,perfect,100,184,XL,89%,XXL,42%
196,6,perfect,93,183,XL,83%,L,57%
197,4,perfect,81,170,L,70%,M,61%
198,8,tighter,104,192,XL,95%,L,37%
199,2,perfect,76,168,M,92%,L,47%
200,6,looser,84,180,XL,77%,L,63%
201,4,looser,88,180,XL,88%,L,43%
202,8,tighter,96,183,L,79%,XL,51%
203,9,perfect,100,190,XL,84%,XXL,56%
204,3,perfect,71,163,M,90%,S,50%
205,7,tighter,74,164,M,71%,S,67%
206,4,perfect,72,161,M,89%,S,42%
207,0,tighter,79,172,M,96%,S,39%
208,8,perfect,78,167,M,83%,L,47%
209,4,perfect,87,180,L,83%,XL,47%
210,7,perfect,84,171,L,88%,M,50%
211,2,perfect,78,174,M,74%,L,67%
212,8,looser,87,178,XL,87%,L,43%
213,7,looser,93,183,XL,96%,L,40%
214,1,perfect,92,179,XL,74%,L,64%
215,7,perfect,77,167,M,90%,L,47%
216,7,perfect,104,189,XL,92%,L,36%
217,6,looser,79,171,L,95%,M,43%
218,9,perfect,79,170,M,78%,L,62%
219,1,looser,95,182,XL,95%,L,36%
220,0,looser,75,164,M,70%,L,65%
221,0,looser,88,173,XL,86%,L,48%
222,3,perfect,74,169,M,95%,L,44%
223,3,perfect,79,169,M,80%,L,61%
224,8,perfect,78,172,M,74%,L,56%
225,9,tighter,87,175,M,71%,L,69%
226,1,tighter,92,178,L,93%,M,44%
227,8,looser,71,164,M,87%,L,43%
228,1,looser,76,172,L,88%,M,49%
229,3,looser,61,161,S,71%,M,69%
230,5,looser,98,182,XL,89%,L,32%
231,6,perfect,70,169,M,93%,S,45%
232,1,looser,90,182,XL,93%,L,44%
233,9,perfect,106,193,XXL,82%,XL,51%
234,9,tighter,87,181,L,82%,M,58%
235,9,looser,79,171,L,95%,M,44%
236,1,perfect,89,179,L,77%,XL,57%
237,6,tighter,83,177,M,85%,L,55%
238,5,tighter,79,172,M,96%,S,37%
239,0,perfect,97,188,XL,94%,XXL,40%
240,9,looser,84,175,XL,71%,L,69%
241,4,tighter,77,169,M,91%,S,40%
242,6,perfect,77,169,M,88%,L,51%
243,4,perfect,75,170,M,91%,L,40%
244,4,tighter,73,175,M,87%,S,43%
245,9,perfect,85,179,L,93%,XL,46%
246,4,tighter,70,166,S,74%,M,56%
247,3,tighter,77,165,M,87%,S,54%
248,5,looser,76,171,L,86%,M,47%
249,6,tighter,104,187,XL,88%,L,51%
251,7,tighter,77,172,M,94%,S,43%
252,4,perfect,89,173,L,87%,XL,43%
253,4,perfect,75,167,M,94%,L,38%
255,8,perfect,88,175,L,86%,XL,44%
256,2,perfect,81,174,L,82%,M,58%
257,7,looser,85,180,XL,80%,L,58%
258,0,perfect,71,161,M,86%,S,49%
259,2,perfect,94,180,XL,83%,L,58%
260,5,looser,84,167,L,84%,XL,49%
261,0,perfect,70,165,M,88%,S,47%
262,7,looser,81,172,L,90%,XL,48%
263,2,tighter,92,180,L,95%,M,44%
264,5,perfect,104,188,XL,92%,L,34%
265,3,perfect,83,176,L,91%,M,48%
266,9,tighter,81,164,M,95%,S,44%
267,3,looser,89,173,XL,91%,L,49%
268,1,looser,91,180,XL,94%,L,43%
269,3,tighter,72,156,S,85%,M,56%
270,9,tighter,85,173,M,84%,L,56%
271,6,looser,90,183,XL,94%,L,44%
272,0,looser,99,184,XXL,80%,XL,55%
273,0,looser,96,180,XL,76%,XXL,59%
274,8,tighter,90,183,L,90%,M,40%
276,0,looser,88,183,XL,96%,L,39%
278,5,perfect,75,168,M,94%,L,40%
279,2,perfect,89,176,L,84%,XL,56%
280,5,tighter,80,175,M,94%,L,40%
281,8,tighter,87,179,L,73%,M,56%
282,1,looser,88,174,XL,83%,L,55%
283,3,perfect,83,167,L,77%,M,63%
284,5,looser,69,168,M,92%,L,42%
285,2,perfect,72,169,M,96%,S,42%
286,9,perfect,85,172,L,92%,M,47%
287,8,tighter,77,179,M,93%,L,38%
288,8,tighter,88,175,L,69%,M,61%
289,1,looser,97,179,XL,94%,L,38%
291,4,perfect,107,189,XL,77%,L,27%
292,1,looser,82,180,L,69%,XL,67%
293,6,looser,89,176,XL,88%,L,52%
294,9,tighter,86,177,M,71%,L,69%
295,2,tighter,76,163,M,80%,S,61%
296,2,perfect,87,172,L,95%,XL,44%
297,8,tighter,82,171,M,91%,L,40%
298,4,looser,94,189,XL,92%,L,32%
299,6,tighter,89,181,L,89%,M,50%
300,9,tighter,77,170,M,92%,S,42%
301,0,tighter,88,177,L,77%,M,58%
302,4,perfect,85,173,L,93%,M,39%
303,3,tighter,83,172,M,91%,L,49%
304,5,tighter,80,173,M,95%,L,38%
305,4,tighter,71,165,S,72%,M,58%
306,5,perfect,89,178,L,79%,XL,54%
307,8,perfect,97,180,XL,92%,L,39%
308,0,tighter,84,173,M,86%,L,49%
309,4,perfect,79,166,M,83%,L,48%
310,7,tighter,83,171,M,92%,L,45%
311,0,looser,100,188,XXL,87%,XL,48%
312,6,tighter,93,180,L,95%,XL,44%
313,7,looser,76,170,L,85%,M,53%
315,2,looser,77,171,L,91%,M,48%
316,6,looser,81,174,L,87%,XL,52%
317,7,looser,91,182,XL,94%,L,42%
318,3,perfect,89,176,L,84%,XL,56%
320,1,perfect,98,176,XL,88%,L,50%
321,3,looser,95,179,XL,85%,XXL,56%
322,8,perfect,90,182,XL,68%,L,62%
323,9,looser,93,176,XL,94%,XXL,45%
324,4,looser,72,165,M,84%,L,47%
325,3,perfect,93,180,XL,84%,L,57%
326,3,perfect,81,174,L,82%,M,59%
327,6,looser,79,174,L,93%,XL,45%
328,2,looser,87,176,XL,83%,L,58%
329,9,tighter,73,167,M,74%,S,66%
330,6,perfect,77,174,M,80%,L,60%
331,7,tighter,97,187,L,70%,XL,68%
332,1,looser,94,180,XL,96%,L,40%
333,6,looser,83,169,L,87%,XL,53%
334,7,looser,84,182,XL,79%,L,59%
335,9,looser,84,177,XL,75%,L,65%
336,4,tighter,80,169,M,96%,S,36%
337,9,tighter,95,177,L,93%,XL,45%
338,6,looser,88,178,XL,87%,L,52%
339,9,perfect,83,175,L,90%,M,49%
340,9,tighter,74,164,M,72%,S,68%
341,5,tighter,84,180,M,71%,L,62%
342,7,tighter,72,163,S,76%,M,63%
343,2,perfect,87,177,L,90%,XL,50%
344,3,perfect,85,181,L,91%,XL,49%
345,1,looser,93,173,XL,93%,L,44%
346,9,perfect,89,179,L,79%,XL,61%
347,5,perfect,94,181,XL,82%,L,52%
348,6,looser,81,176,L,93%,M,45%
349,4,looser,88,182,XL,89%,L,41%
350,1,perfect,85,175,L,95%,M,42%
351,3,tighter,74,168,M,81%,S,60%
352,0,perfect,82,170,L,76%,M,58%
353,6,tighter,85,180,L,71%,M,69%
354,9,tighter,85,175,M,80%,L,60%
355,2,perfect,76,171,M,89%,L,52%
356,9,perfect,97,185,XL,96%,XXL,42%
357,9,perfect,79,179,L,82%,M,58%
358,5,perfect,88,175,L,89%,XL,45%
359,7,looser,75,169,L,78%,M,60%
360,4,tighter,80,175,M,93%,L,38%
361,0,looser,99,185,XXL,81%,XL,54%
362,8,tighter,73,171,M,77%,S,52%
363,7,tighter,70,164,S,80%,M,58%
364,7,tighter,82,172,M,93%,L,44%
365,2,tighter,76,171,M,92%,S,47%
366,8,tighter,75,168,M,80%,S,50%
368,3,perfect,87,176,L,91%,XL,49%
369,4,tighter,87,180,L,78%,M,52%
370,1,tighter,98,177,L,86%,XL,52%
371,0,perfect,92,182,XL,81%,L,53%
372,1,perfect,80,171,M,2%,L,3%
373,9,tighter,81,173,M,94%,L,45%
374,6,perfect,91,174,L,79%,XL,61%
375,4,looser,74,175,L,84%,M,47%
376,8,tighter,89,175,L,74%,M,56%
377,0,looser,77,170,L,88%,M,46%
378,5,looser,82,175,L,79%,XL,54%
379,2,tighter,62,167,S,93%,M,46%
381,3,tighter,73,168,M,76%,S,64%
382,8,perfect,87,170,L,92%,M,39%
383,4,looser,85,170,L,70%,XL,60%
384,9,tighter,82,180,M,83%,L,57%
385,0,perfect,85,173,L,92%,M,42%
386,4,tighter,84,171,M,88%,L,43%
387,7,perfect,101,192,XL,95%,L,38%
388,8,looser,89,179,XL,93%,L,38%
389,3,looser,85,174,XL,75%,L,66%
390,9,perfect,79,173,M,71%,L,69%
391,3,perfect,79,165,M,87%,L,54%
392,3,tighter,78,166,M,91%,S,49%
393,8,tighter,94,176,L,92%,M,39%
394,1,looser,76,166,L,78%,M,60%
395,4,looser,78,172,L,94%,M,38%
396,5,looser,83,175,L,73%,XL,60%
397,5,tighter,87,172,M,75%,L,58%
398,6,tighter,67,157,S,93%,M,46%
399,1,perfect,86,170,L,93%,M,45%
400,8,tighter,80,171,M,94%,L,37%
401,4,looser,91,177,XL,91%,L,40%
402,9,looser,73,165,M,79%,L,54%
403,4,looser,97,182,XL,91%,L,32%
404,0,tighter,82,168,M,95%,L,39%
405,1,tighter,74,167,M,78%,S,60%
406,7,looser,92,185,XL,96%,L,40%
407,2,looser,85,180,XL,81%,L,59%
408,9,looser,98,181,XXL,74%,XL,66%
409,2,tighter,91,180,L,93%,M,46%
410,1,perfect,62,157,S,90%,M,48%
411,0,perfect,88,174,L,90%,XL,45%
412,3,perfect,80,171,M,70%,L,68%
413,7,perfect,73,171,M,95%,L,42%
414,4,perfect,75,167,M,94%,L,38%
415,4,tighter,85,174,M,79%,L,52%
416,8,looser,87,176,XL,84%,L,46%
417,6,perfect,85,169,L,89%,M,50%
418,2,tighter,91,177,L,90%,M,50%
419,3,tighter,88,174,L,72%,M,68%
420,7,perfect,94,181,XL,83%,L,55%
421,8,perfect,85,177,L,92%,XL,39%
422,8,perfect,89,180,L,72%,XL,58%
423,6,tighter,84,172,M,89%,L,51%
424,8,tighter,84,179,M,71%,L,59%
425,3,tighter,79,181,M,91%,L,49%
426,4,looser,94,185,XL,94%,L,34%
427,5,perfect,61,154,S,93%,M,41%
428,1,perfect,85,175,L,95%,M,42%
429,0,tighter,86,176,M,71%,L,64%
430,3,tighter,83,172,M,91%,L,49%
431,8,looser,104,193,XXL,94%,XL,37%
437,3,looser,96,185,XXL,72%,XL,68%
438,3,perfect,78,174,M,74%,L,66%
439,4,tighter,76,174,M,94%,S,38%
440,9,perfect,65,161,S,78%,M,62%
441,5,looser,79,170,L,94%,M,40%
442,8,perfect,88,179,L,79%,XL,51%
443,8,tighter,100,186,XL,77%,L,53%
445,1,looser,76,172,L,88%,M,49%
446,1,perfect,97,181,XL,90%,L,48%
447,2,perfect,78,170,M,82%,L,58%
449,9,tighter,72,161,S,79%,M,61%
450,3,perfect,87,175,L,92%,XL,47%
451,8,looser,79,176,L,88%,XL,43%
452,0,perfect,92,179,XL,75%,L,60%
453,0,perfect,79,175,L,71%,M,64%
454,8,perfect,86,173,L,92%,M,39%
455,9,looser,75,167,L,75%,M,66%
456,8,tighter,84,176,M,78%,L,52%
457,8,looser,84,175,XL,66%,L,64%
458,0,perfect,93,186,XL,91%,L,44%
459,5,looser,72,167,M,81%,L,52%
460,0,tighter,96,186,L,75%,XL,59%
461,3,perfect,92,176,XL,71%,L,69%
462,9,tighter,82,169,M,95%,L,43%
463,1,looser,94,185,XL,95%,L,38%
464,7,looser,93,173,XL,93%,L,44%
465,0,looser,94,182,XL,82%,XXL,52%
466,6,tighter,91,180,L,93%,M,46%
467,3,tighter,87,170,M,81%,L,59%
468,4,looser,85,173,XL,67%,L,63%
469,3,looser,89,181,XL,96%,L,42%
470,8,looser,75,165,L,65%,M,63%
471,8,tighter,80,169,M,94%,S,37%
472,3,perfect,83,174,L,89%,M,51%
473,8,tighter,87,175,M,65%,L,63%
474,0,looser,102,181,XXL,85%,XL,49%
475,8,perfect,86,175,L,91%,XL,40%
476,4,looser,79,169,L,93%,M,38%
477,4,perfect,79,174,L,67%,M,63%
478,9,perfect,79,171,M,75%,L,65%
479,2,looser,90,181,XL,93%,L,46%
481,1,tighter,83,177,M,84%,L,54%
482,2,tighter,84,177,M,80%,L,60%
483,3,looser,85,183,XL,90%,L,50%
484,1,tighter,74,166,M,76%,S,62%
485,9,tighter,76,168,M,88%,S,52%
486,8,perfect,95,177,XL,83%,L,47%
487,7,perfect,88,180,L,81%,XL,57%
488,4,looser,91,177,XL,91%,L,40%
489,9,looser,90,181,XL,96%,XXL,43%
490,4,tighter,71,164,S,74%,M,56%
491,4,perfect,78,174,M,69%,L,61%
492,9,tighter,82,173,M,92%,L,47%
493,9,tighter,84,175,M,84%,L,56%
494,5,perfect,79,176,L,73%,M,60%
495,5,perfect,87,176,L,90%,XL,43%
496,7,tighter,87,185,L,89%,M,49%
497,5,tighter,65,157,S,94%,M,39%
498,7,tighter,86,174,M,77%,L,61%
499,8,tighter,94,180,L,90%,XL,41%
500,3,tighter,90,183,L,93%,M,46%
501,6,perfect,93,183,XL,83%,L,57%
502,4,looser,82,171,L,86%,XL,45%
503,1,perfect,74,172,M,93%,L,45%
504,4,tighter,87,179,L,76%,M,55%
505,8,tighter,80,166,M,92%,S,39%
506,3,looser,92,178,XL,95%,XXL,44%
507,9,perfect,89,182,L,72%,XL,68%
508,9,looser,86,173,XL,78%,L,62%
509,9,looser,78,173,L,94%,M,44%
510,4,looser,76,167,L,78%,M,52%
511,9,perfect,92,181,XL,81%,L,59%
512,7,perfect,88,186,XL,70%,L,68%
513,7,looser,93,180,XL,95%,L,41%
514,3,tighter,91,179,L,92%,M,48%
515,5,tighter,84,182,L,67%,M,65%
516,4,tighter,73,160,S,73%,M,57%
517,0,tighter,82,172,M,93%,L,42%
518,1,looser,70,167,M,90%,L,47%
519,6,looser,80,173,L,92%,XL,47%
520,9,perfect,84,176,L,93%,M,45%
521,2,perfect,77,174,M,79%,L,61%
522,2,perfect,90,178,L,76%,XL,65%
523,0,perfect,87,175,L,91%,XL,43%
524,1,perfect,69,163,M,82%,S,56%
525,5,tighter,86,178,L,68%,M,65%
526,2,perfect,71,174,M,96%,L,42%
527,6,tighter,79,176,M,95%,L,43%
528,1,looser,77,175,L,94%,M,43%
529,6,tighter,81,170,M,96%,L,42%
530,1,tighter,77,167,M,89%,S,48%
531,0,looser,80,174,L,90%,XL,45%
532,0,looser,84,175,XL,68%,L,66%
533,8,tighter,81,176,M,88%,L,42%
534,3,looser,96,184,XXL,71%,XL,69%
535,4,tighter,93,190,L,79%,XL,51%
536,6,tighter,85,180,M,76%,L,62%
537,7,tighter,97,188,XL,70%,L,68%
538,4,tighter,70,163,S,79%,M,52%
539,4,perfect,92,181,XL,74%,L,56%
540,6,looser,80,170,L,94%,XL,44%
541,2,perfect,102,188,XL,95%,L,40%
543,5,looser,73,174,L,76%,M,57%
544,5,tighter,95,183,L,86%,XL,47%
545,8,perfect,92,173,L,71%,XL,59%
546,1,tighter,75,165,M,78%,S,60%
547,2,tighter,87,175,L,70%,M,68%
549,6,looser,82,171,L,88%,XL,52%
550,5,tighter,85,176,M,76%,L,58%
551,0,perfect,72,161,M,89%,S,45%
552,5,looser,58,154,S,88%,M,45%
553,6,looser,88,179,XL,88%,L,51%
554,4,tighter,84,171,M,88%,L,43%
555,9,perfect,102,189,XL,77%,XXL,63%
556,3,perfect,88,178,L,85%,XL,55%
557,7,tighter,94,182,L,91%,XL,47%
558,2,perfect,94,188,XL,90%,L,49%
559,2,perfect,99,179,XL,92%,L,47%
560,5,perfect,76,164,M,95%,L,39%
562,2,tighter,86,181,L,79%,M,62%
563,5,looser,79,170,L,94%,M,40%
564,6,looser,89,179,XL,90%,L,49%
565,9,perfect,75,165,M,96%,L,43%
566,0,tighter,55,156,S,85%,M,31%
567,8,perfect,72,158,M,82%,S,48%
568,1,tighter,88,172,M,72%,L,67%
569,2,perfect,72,176,M,93%,L,46%
570,4,tighter,90,184,L,94%,M,38%
571,3,tighter,87,179,L,78%,M,62%
572,0,perfect,73,169,M,96%,L,39%
573,3,looser,79,181,L,84%,XL,56%
574,8,tighter,94,182,L,87%,XL,43%
575,3,looser,92,185,XL,88%,XXL,53%
576,4,looser,94,174,XL,94%,L,37%
577,1,perfect,76,167,M,93%,L,44%
578,0,tighter,100,187,XL,82%,L,53%
579,2,tighter,86,175,M,75%,L,65%
580,8,tighter,77,176,M,94%,S,37%
581,9,tighter,86,180,L,76%,M,64%
582,0,looser,70,161,M,95%,L,40%
583,0,looser,82,177,L,75%,XL,60%
584,6,perfect,68,165,M,82%,S,58%
585,8,perfect,87,177,L,86%,XL,44%
586,2,perfect,83,177,L,93%,M,46%
587,0,perfect,87,180,L,84%,XL,50%
588,1,looser,78,179,L,91%,XL,47%
589,3,looser,74,166,M,74%,L,67%
590,3,looser,73,170,M,71%,L,69%
591,2,perfect,78,167,M,87%,L,53%
592,3,perfect,95,187,XL,96%,L,43%
593,6,tighter,77,172,M,94%,S,44%
594,5,perfect,77,166,M,91%,L,42%
595,6,looser,88,180,XL,89%,L,50%
596,3,looser,78,166,L,88%,M,53%
597,1,looser,78,166,L,87%,M,50%
598,0,perfect,63,157,S,87%,M,48%
599,7,looser,97,187,XL,86%,L,33%
600,1,looser,97,183,XL,92%,L,36%
601,3,perfect,82,178,L,91%,M,49%
602,6,tighter,75,170,M,88%,S,52%
603,5,tighter,68,167,S,80%,M,53%
604,7,tighter,83,170,M,93%,L,44%
605,1,tighter,91,178,L,91%,M,47%
606,4,tighter,100,190,XL,80%,L,50%
607,0,perfect,66,163,S,70%,M,65%
608,4,tighter,93,177,L,93%,M,38%
609,4,looser,92,182,XL,95%,L,36%
610,6,looser,94,185,XL,95%,L,39%
611,9,perfect,89,186,XL,77%,L,64%
612,4,perfect,74,168,M,95%,L,37%
613,4,looser,81,168,L,93%,XL,39%
614,0,tighter,91,175,L,85%,M,49%
615,9,tighter,87,173,M,75%,L,65%
616,5,perfect,82,178,L,90%,M,43%
617,7,tighter,84,177,M,80%,L,58%
618,6,tighter,70,166,S,78%,M,62%
619,4,tighter,88,175,L,71%,M,59%
620,9,tighter,93,187,L,87%,XL,53%
621,7,tighter,71,167,S,73%,M,65%
622,8,perfect,83,173,L,84%,M,46%
623,9,perfect,89,178,L,81%,XL,59%
624,6,looser,91,183,XL,95%,L,43%
625,2,tighter,89,182,L,91%,M,49%
626,7,tighter,70,166,S,78%,M,61%
627,4,looser,75,162,M,72%,L,58%
628,6,tighter,90,178,L,88%,M,51%
629,2,perfect,78,167,M,87%,L,53%
630,8,looser,88,177,XL,89%,L,42%
631,4,perfect,88,173,L,90%,XL,41%
632,1,tighter,74,172,M,87%,S,51%
633,3,tighter,104,190,XL,96%,L,43%
634,1,looser,86,186,XL,89%,L,48%
635,1,tighter,86,176,M,71%,L,64%
636,4,perfect,70,163,M,85%,S,45%
637,7,looser,73,171,L,71%,M,67%
638,4,tighter,92,185,L,91%,XL,40%
639,8,tighter,77,169,M,88%,S,42%
640,3,tighter,94,187,L,84%,XL,57%
641,2,tighter,94,179,L,94%,XL,45%
643,0,tighter,79,167,M,93%,S,42%
644,5,tighter,95,178,L,92%,XL,41%
645,6,perfect,67,156,S,78%,M,61%
646,2,tighter,99,190,XL,80%,L,60%
647,0,tighter,86,181,L,76%,M,59%
648,8,looser,73,170,M,66%,L,64%
649,9,looser,89,180,XL,96%,L,42%
650,9,looser,98,190,XXL,85%,XL,55%
651,8,perfect,100,185,XL,88%,XXL,43%
652,9,tighter,98,179,L,83%,XL,57%
653,4,looser,77,170,L,88%,M,42%
654,3,looser,66,170,M,96%,L,43%
655,8,tighter,76,176,M,93%,S,38%
656,8,looser,72,165,M,82%,L,48%
657,7,looser,83,173,L,79%,XL,59%
658,4,perfect,79,174,L,67%,M,63%
659,3,looser,84,172,L,76%,XL,64%
660,2,perfect,71,175,M,96%,L,43%
662,9,looser,67,166,M,97%,S,42%
663,2,tighter,77,176,M,97%,S,42%
664,9,tighter,74,167,M,78%,S,62%
665,2,tighter,83,180,M,78%,L,62%
666,4,tighter,84,167,M,93%,L,39%
667,1,tighter,73,164,S,71%,M,67%
668,6,looser,88,173,XL,82%,L,58%
669,1,looser,85,176,XL,75%,L,63%
670,4,tighter,85,168,M,89%,L,42%
671,0,looser,79,176,L,90%,XL,44%
672,5,tighter,82,174,M,91%,L,43%
673,1,tighter,99,187,XL,75%,L,63%
674,3,tighter,98,194,XL,87%,L,53%
675,8,tighter,89,180,L,84%,M,46%
676,1,looser,74,163,M,80%,L,59%
677,1,tighter,73,168,M,75%,S,63%
678,5,looser,84,175,XL,67%,L,65%
679,0,perfect,67,161,S,69%,M,66%
680,3,perfect,91,177,L,73%,XL,68%
681,6,looser,81,174,L,87%,XL,52%
682,4,perfect,92,181,XL,74%,L,56%
683,0,looser,91,176,XL,96%,L,38%
685,3,perfect,87,173,L,94%,XL,45%
686,7,tighter,90,184,L,94%,M,43%
687,2,tighter,87,179,L,79%,M,61%
688,5,looser,84,178,XL,72%,L,61%
689,0,perfect,87,175,L,91%,XL,43%
690,3,perfect,88,175,L,89%,XL,51%
691,1,tighter,70,170,S,72%,M,66%
692,7,tighter,93,181,L,94%,XL,43%
693,8,perfect,77,174,M,75%,L,55%
694,2,tighter,97,181,L,83%,XL,58%
695,8,perfect,85,178,L,91%,XL,40%
696,0,tighter,92,179,L,93%,M,42%
697,7,looser,90,174,XL,88%,L,50%
698,7,perfect,92,181,XL,77%,L,61%
699,5,looser,71,165,M,89%,L,44%
700,8,perfect,93,179,XL,77%,L,53%
701,0,looser,84,177,XL,73%,L,62%
702,4,looser,75,162,M,72%,L,58%
703,4,perfect,88,178,L,83%,XL,48%
704,5,looser,92,178,XL,93%,L,40%
705,5,tighter,74,171,M,85%,S,49%
706,3,tighter,75,170,M,88%,S,53%
707,8,tighter,76,173,M,90%,S,40%
708,6,tighter,82,176,M,89%,L,50%
709,9,tighter,75,158,S,74%,M,66%
710,6,looser,82,176,L,79%,XL,61%
711,2,perfect,77,169,M,88%,L,52%
712,9,perfect,98,191,XL,90%,XXL,50%
713,5,looser,85,178,XL,76%,L,57%
714,4,perfect,88,180,L,78%,XL,52%
715,8,perfect,81,177,L,82%,M,48%
716,2,looser,78,168,L,91%,M,49%
717,8,perfect,93,179,XL,77%,L,53%
718,5,looser,73,161,M,87%,L,46%
719,9,tighter,86,179,L,74%,M,67%
720,6,looser,86,171,XL,72%,L,68%
721,8,perfect,96,181,XL,91%,L,40%
722,9,looser,84,174,L,72%,XL,68%
723,4,tighter,91,181,L,93%,M,38%
724,3,tighter,85,179,M,72%,L,69%
725,0,looser,88,181,XL,95%,L,40%
726,8,perfect,87,179,L,83%,XL,47%
727,9,looser,102,188,XXL,92%,XL,47%
729,0,tighter,77,173,M,94%,S,40%
730,7,tighter,78,171,M,95%,S,42%
731,2,looser,88,179,XL,89%,L,52%
732,5,perfect,87,170,L,94%,M,39%
733,9,perfect,83,172,L,86%,M,54%
734,1,perfect,80,174,L,76%,M,62%
735,0,tighter,86,174,M,75%,L,59%
736,3,perfect,88,179,L,83%,XL,57%
737,2,tighter,73,170,M,81%,S,60%
738,8,looser,75,165,L,65%,M,63%
739,8,perfect,83,177,L,89%,M,41%
740,2,tighter,87,173,M,75%,L,66%
741,0,looser,92,180,XL,93%,XXL,42%
742,8,looser,105,193,XXL,95%,XL,36%
744,9,looser,89,177,XL,94%,L,44%
745,9,perfect,90,176,L,80%,XL,60%
746,0,looser,96,181,XL,73%,XXL,61%
747,8,tighter,90,180,L,87%,M,43%
748,3,looser,64,166,M,91%,S,48%
749,8,perfect,91,180,XL,69%,L,61%
750,3,looser,82,172,L,86%,XL,55%
751,2,perfect,89,179,L,79%,XL,62%
752,6,tighter,79,175,M,96%,L,43%
753,7,perfect,87,181,L,84%,XL,54%
754,3,perfect,91,177,L,73%,XL,68%
756,7,looser,93,178,XL,95%,L,42%
757,2,looser,68,159,M,95%,S,44%
758,5,perfect,65,169,M,72%,S,61%
759,1,tighter,70,165,S,79%,M,59%
760,8,looser,94,181,XL,81%,XXL,49%
761,5,tighter,82,176,M,88%,L,45%
762,8,tighter,90,177,L,82%,M,48%
763,5,tighter,73,166,M,68%,S,65%
764,1,perfect,69,163,M,82%,S,56%
765,6,perfect,85,174,L,94%,M,44%
766,7,tighter,79,176,M,95%,L,42%
767,7,looser,77,171,L,91%,M,47%
768,7,looser,83,173,L,79%,XL,59%
769,9,tighter,91,176,L,88%,M,52%
770,9,looser,81,166,L,95%,XL,44%
771,5,perfect,90,185,XL,74%,L,60%
772,5,looser,80,169,L,95%,XL,39%
773,0,perfect,91,175,L,75%,XL,60%
774,5,tighter,83,167,M,95%,L,39%
775,5,looser,83,170,L,84%,XL,49%
776,2,looser,79,166,L,92%,M,48%
777,0,perfect,94,185,XL,92%,L,42%
778,6,tighter,80,173,M,96%,L,43%
779,3,looser,74,168,L,71%,M,69%
781,9,tighter,83,172,M,91%,L,48%
783,8,tighter,89,180,L,84%,M,46%
784,9,perfect,91,176,L,75%,XL,65%
785,0,tighter,90,178,L,87%,M,48%
786,9,tighter,88,176,L,76%,M,64%
787,7,tighter,70,160,S,85%,M,53%
788,4,perfect,82,172,L,80%,M,50%
789,7,looser,91,185,XL,95%,L,41%
790,9,looser,87,185,XL,96%,L,43%
791,6,looser,88,180,XL,89%,L,50%
792,0,tighter,96,183,L,82%,XL,53%
793,8,tighter,82,183,M,72%,L,58%
794,0,perfect,87,180,L,84%,XL,50%
795,7,looser,76,168,L,82%,M,56%
796,0,perfect,92,183,XL,83%,L,51%
797,2,looser,74,172,L,81%,M,60%
798,5,perfect,89,181,L,72%,XL,61%
799,8,perfect,76,166,M,91%,L,40%
800,8,looser,72,170,M,72%,L,58%
801,3,perfect,92,183,XL,85%,L,56%
802,5,perfect,66,160,S,74%,M,59%
803,1,tighter,81,176,M,92%,L,46%
804,0,tighter,98,178,L,83%,XL,52%
805,1,tighter,85,172,M,85%,L,53%
806,3,looser,79,177,L,90%,XL,50%
807,0,tighter,58,157,S,94%,M,35%
808,6,perfect,71,167,M,94%,S,45%
809,8,tighter,86,179,L,69%,M,61%
810,0,looser,81,176,L,82%,XL,52%
811,6,perfect,84,171,L,89%,M,51%
812,4,tighter,86,172,M,78%,L,52%
813,8,tighter,73,169,M,73%,S,57%
814,3,tighter,88,176,L,77%,M,64%
815,7,tighter,82,164,M,96%,S,41%
816,6,looser,90,187,XL,95%,L,42%
817,1,tighter,82,172,M,93%,L,44%
818,2,perfect,74,169,M,95%,L,44%
819,9,perfect,79,175,L,73%,M,67%
821,0,perfect,81,175,L,82%,M,53%
822,4,tighter,101,186,XL,78%,L,53%
823,6,perfect,85,176,L,95%,XL,43%
824,8,perfect,91,183,XL,76%,L,54%
825,2,tighter,80,179,M,91%,L,49%
826,3,tighter,75,170,M,88%,S,53%
827,7,tighter,77,168,M,91%,S,47%
828,5,tighter,80,174,M,95%,L,39%
829,6,tighter,72,169,M,73%,S,66%
830,8,perfect,80,177,L,78%,M,52%
831,1,tighter,69,168,S,78%,M,60%
832,8,looser,93,184,XL,81%,XXL,49%
833,5,perfect,76,163,M,95%,L,38%
834,7,tighter,81,177,M,90%,L,47%
835,2,looser,91,179,XL,94%,L,45%
836,9,tighter,83,184,L,70%,M,68%
837,4,perfect,89,173,L,87%,XL,43%
838,5,looser,92,185,XL,95%,L,37%
839,8,tighter,88,179,L,78%,M,52%
840,3,perfect,85,177,L,94%,XL,45%
841,0,perfect,88,175,L,88%,XL,46%
842,1,perfect,100,186,XL,95%,L,41%
843,3,perfect,81,173,L,80%,M,61%
844,8,perfect,80,173,L,69%,M,60%
845,0,perfect,91,181,XL,74%,L,61%
847,3,perfect,89,177,L,83%,XL,58%
848,8,tighter,91,178,L,87%,M,43%
849,9,perfect,67,168,M,82%,S,58%
850,8,perfect,102,194,XXL,67%,XL,62%
851,5,tighter,84,180,M,71%,L,62%
852,8,tighter,76,169,M,85%,S,45%
853,7,perfect,82,167,L,71%,M,67%
854,9,perfect,84,179,L,95%,XL,44%
855,8,perfect,71,165,M,88%,S,42%
856,3,looser,79,169,L,94%,M,46%
857,9,perfect,99,187,XL,92%,XXL,47%
858,4,tighter,88,177,L,76%,M,54%
859,6,looser,85,176,XL,76%,L,64%
860,5,perfect,69,169,M,90%,S,43%
861,0,looser,80,175,L,88%,XL,46%
862,6,tighter,77,174,M,96%,S,43%
863,5,tighter,85,178,M,71%,L,62%
864,4,looser,93,182,XL,95%,L,35%
865,3,tighter,86,180,L,76%,M,65%
866,5,tighter,88,178,L,79%,M,54%
867,0,tighter,85,172,M,84%,L,51%
868,1,perfect,93,174,XL,70%,L,68%
869,3,looser,84,175,XL,71%,L,69%
870,6,looser,84,171,L,78%,XL,62%
872,8,tighter,90,181,L,88%,M,42%
873,6,looser,92,180,XL,95%,L,43%
874,7,looser,64,164,M,89%,S,49%
875,8,tighter,81,170,M,94%,L,38%
876,4,perfect,90,183,XL,70%,L,61%
877,4,perfect,86,178,L,90%,XL,41%
878,2,perfect,71,163,M,90%,S,50%
879,8,tighter,96,189,L,66%,XL,64%
880,7,tighter,73,165,S,70%,M,68%
881,8,tighter,95,184,L,81%,XL,49%
882,6,perfect,69,166,M,87%,S,52%
883,3,looser,87,174,XL,85%,L,56%
885,6,perfect,89,177,L,83%,XL,57%
886,1,looser,80,177,L,86%,XL,52%
887,2,perfect,86,182,L,86%,XL,54%
888,5,tighter,80,169,M,96%,S,38%
889,9,looser,85,172,L,70%,XL,68%
890,2,looser,88,175,FALSE,0%,FALSE,0%
891,2,looser,81,175,L,86%,XL,55%
892,9,looser,83,175,L,75%,XL,65%
893,7,perfect,75,168,M,94%,L,43%
894,5,looser,80,168,L,95%,M,39%
895,6,perfect,81,175,L,84%,M,56%
896,5,looser,72,166,M,83%,L,50%
897,0,perfect,67,159,S,72%,M,63%
898,1,perfect,72,169,M,96%,S,41%
899,5,looser,84,170,L,78%,XL,55%
900,7,perfect,79,177,L,77%,M,61%
902,8,perfect,94,180,XL,83%,L,46%
903,9,perfect,87,179,L,86%,XL,47%
904,7,perfect,73,172,M,95%,L,43%
905,2,tighter,82,170,M,95%,L,44%
906,9,tighter,78,169,M,93%,S,45%
907,1,looser,81,170,L,92%,XL,45%
908,1,perfect,77,174,M,79%,L,59%
909,2,tighter,93,182,L,93%,XL,46%
910,9,looser,87,179,XL,91%,L,48%
911,2,perfect,84,175,L,93%,M,46%
912,9,looser,72,169,M,79%,L,62%
913,7,perfect,102,195,XL,91%,L,36%
915,1,tighter,84,169,M,92%,L,45%
916,7,looser,98,188,XL,78%,L,30%
918,8,perfect,89,179,L,74%,XL,56%
919,9,tighter,74,168,M,78%,S,55%
920,1,perfect,87,182,L,82%,XL,56%
921,5,looser,76,167,L,78%,M,55%
922,0,perfect,97,184,XL,96%,L,38%
923,6,looser,84,177,XL,73%,L,67%
924,7,looser,80,175,L,89%,XL,48%
925,1,tighter,68,162,S,86%,M,48%
926,6,tighter,65,164,S,91%,M,48%
927,5,tighter,66,165,S,88%,M,46%
928,5,perfect,82,174,L,84%,M,49%
929,8,tighter,80,177,M,89%,L,41%
930,7,perfect,68,159,S,70%,M,68%
931,8,looser,78,169,L,88%,M,43%
932,5,perfect,81,170,L,70%,M,63%
933,0,perfect,90,183,XL,73%,L,62%
934,6,perfect,76,176,M,80%,L,60%
935,1,looser,75,165,L,67%,M,65%
936,2,perfect,87,188,XL,71%,L,69%
937,0,tighter,68,155,S,92%,M,43%
938,8,perfect,92,173,L,71%,XL,59%
939,0,tighter,74,162,S,69%,M,66%
940,6,looser,81,174,L,87%,XL,52%
941,8,looser,83,164,L,89%,XL,41%
942,0,tighter,94,176,L,94%,M,41%
943,1,looser,88,180,XL,89%,L,49%
944,2,looser,66,159,M,90%,S,50%
945,3,looser,90,179,XL,97%,L,42%
946,1,looser,89,176,XL,88%,L,50%
947,1,perfect,84,170,L,87%,M,51%
949,4,perfect,78,176,L,66%,M,64%
950,3,tighter,98,189,XL,79%,L,62%
951,9,perfect,78,169,M,84%,L,56%
952,9,looser,83,170,L,85%,XL,55%
953,4,tighter,74,167,M,76%,S,54%
954,6,looser,91,170,XL,87%,L,52%
955,0,looser,72,172,M,70%,L,65%
956,1,perfect,74,167,M,96%,L,41%
957,6,perfect,76,167,M,93%,L,46%
958,3,tighter,76,175,M,95%,S,44%
959,7,perfect,86,178,L,92%,XL,46%
960,3,perfect,74,168,M,95%,L,43%
961,6,perfect,88,181,L,80%,XL,60%
962,1,tighter,82,177,M,88%,L,50%
964,3,tighter,80,175,M,94%,L,45%
965,7,looser,100,187,XL,63%,L,23%
966,2,perfect,85,175,L,95%,M,44%
967,5,looser,91,185,XL,95%,L,38%
968,2,perfect,86,174,L,95%,XL,44%
969,2,looser,80,164,L,92%,M,47%
970,1,perfect,86,167,FALSE,0%,FALSE,0%
971,0,looser,76,172,L,87%,M,47%
972,0,tighter,86,182,L,78%,M,57%
973,0,tighter,83,175,M,86%,L,48%
974,8,tighter,84,171,M,86%,L,44%
975,2,perfect,80,177,L,83%,M,57%
976,9,perfect,73,163,M,94%,S,45%
977,9,looser,82,171,L,87%,XL,52%
978,9,looser,99,185,XXL,82%,XL,58%
979,5,looser,85,171,L,69%,XL,64%
980,4,looser,86,174,XL,73%,L,57%
981,9,perfect,96,179,XL,92%,L,47%
982,1,tighter,82,173,M,92%,L,45%
983,4,looser,73,171,L,68%,M,62%
984,2,perfect,89,187,XL,76%,L,64%
985,2,tighter,84,174,M,86%,L,55%
986,1,tighter,79,168,M,94%,S,43%
987,2,tighter,84,177,M,80%,L,60%
988,0,looser,90,171,XL,91%,L,44%
989,5,looser,94,188,XL,93%,L,34%
990,1,looser,90,183,XL,94%,L,43%
991,2,perfect,82,176,L,89%,M,51%
992,5,tighter,92,181,L,95%,M,39%
993,4,tighter,77,170,M,92%,S,39%
994,6,looser,77,173,L,93%,M,46%
997,3,looser,83,177,L,71%,XL,69%
998,1,looser,99,188,XL,69%,L,26%
999,4,perfect,90,183,XL,70%,L,61%
